<?xml version="1.0" encoding="UTF-8"?>
<!DOCTYPE MudletPackage>
<MudletPackage version="1.001">
    <TriggerPackage>
        <Trigger isActive="no" isFolder="no" isTempTrigger="no" isMultiline="no" isPerlSlashGOption="no" isColorizerTrigger="no" isFilterTrigger="no" isSoundTrigger="no" isColorTrigger="no" isColorTriggerFg="no" isColorTriggerBg="no">
            <name>shopdb shop capture</name>
            <script>if shopdb.gag then deleteLine() end</script>
            <triggerType>0</triggerType>
            <conditonLineDelta>40</conditonLineDelta>
            <mStayOpen>999</mStayOpen>
            <mCommand></mCommand>
            <packageName></packageName>
            <mFgColor>#ff0000</mFgColor>
            <mBgColor>#ffff00</mBgColor>
            <mSoundFile></mSoundFile>
            <colorTriggerFgColor>#000000</colorTriggerFgColor>
            <colorTriggerBgColor>#000000</colorTriggerBgColor>
            <regexCodeList>
                <string>--------(Item)------(Description)------------------------------(Stock)--(Price)</string>
            </regexCodeList>
            <regexCodePropertyList>
                <integer>3</integer>
            </regexCodePropertyList>
            <Trigger isActive="yes" isFolder="no" isTempTrigger="no" isMultiline="no" isPerlSlashGOption="no" isColorizerTrigger="yes" isFilterTrigger="no" isSoundTrigger="no" isColorTrigger="no" isColorTriggerFg="no" isColorTriggerBg="no">
                <name>shop more</name>
                <script>shopdb.more = true</script>
                <triggerType>0</triggerType>
                <conditonLineDelta>0</conditonLineDelta>
                <mStayOpen>0</mStayOpen>
                <mCommand></mCommand>
                <packageName></packageName>
                <mFgColor>#ff0000</mFgColor>
                <mBgColor>#ffff00</mBgColor>
                <mSoundFile></mSoundFile>
                <colorTriggerFgColor>#000000</colorTriggerFgColor>
                <colorTriggerBgColor>#000000</colorTriggerBgColor>
                <regexCodeList>
                    <string>^\[Type MORE if you wish to continue reading\.</string>
                </regexCodeList>
                <regexCodePropertyList>
                    <integer>1</integer>
                </regexCodePropertyList>
            </Trigger>
            <Trigger isActive="yes" isFolder="no" isTempTrigger="no" isMultiline="no" isPerlSlashGOption="no" isColorizerTrigger="yes" isFilterTrigger="no" isSoundTrigger="no" isColorTrigger="no" isColorTriggerFg="no" isColorTriggerBg="no">
                <name>shop gag</name>
                <script>deleteLine()</script>
                <triggerType>0</triggerType>
                <conditonLineDelta>0</conditonLineDelta>
                <mStayOpen>0</mStayOpen>
                <mCommand></mCommand>
                <packageName></packageName>
                <mFgColor>#ff0000</mFgColor>
                <mBgColor>#ffff00</mBgColor>
                <mSoundFile></mSoundFile>
                <colorTriggerFgColor>#000000</colorTriggerFgColor>
                <colorTriggerBgColor>#000000</colorTriggerBgColor>
                <regexCodeList>
                    <string>^\[.*\]$</string>
                    <string>^$</string>
                    <string>^\s+\(.*\)</string>
                </regexCodeList>
                <regexCodePropertyList>
                    <integer>1</integer>
                    <integer>1</integer>
                    <integer>1</integer>
                </regexCodePropertyList>
            </Trigger>
            <Trigger isActive="yes" isFolder="no" isTempTrigger="no" isMultiline="no" isPerlSlashGOption="no" isColorizerTrigger="yes" isFilterTrigger="no" isSoundTrigger="no" isColorTrigger="no" isColorTriggerFg="no" isColorTriggerBg="no">
                <name>shop armour</name>
                <script>local a
local b
local m
if matches[2]=='n/a' then a=0 else a=matches[2] end
if matches[3]=='n/a' then b=0 else b=matches[3] end
if matches[4]=='n/a' then c=0 else c=matches[4] end

a = string.rep(' ',2-string.len(a))..a
b = string.rep(' ',2-string.len(b))..b
c = string.rep(' ',2-string.len(c))..c

if not shopdb.gag then
  moveCursor(80, getLineNumber()-1)
  cinsertText(&quot;[C:&lt;red&gt;&quot;..a..'&lt;reset&gt;|B:&lt;green&gt;'..b..'&lt;reset&gt;|M:&lt;blue&gt;'..c..'&lt;reset&gt;]')
  moveCursorEnd()
end --if
deleteLine()</script>
                <triggerType>0</triggerType>
                <conditonLineDelta>0</conditonLineDelta>
                <mStayOpen>0</mStayOpen>
                <mCommand></mCommand>
                <packageName></packageName>
                <mFgColor>#ff0000</mFgColor>
                <mBgColor>#ffff00</mBgColor>
                <mSoundFile></mSoundFile>
                <colorTriggerFgColor>#000000</colorTriggerFgColor>
                <colorTriggerBgColor>#000000</colorTriggerBgColor>
                <regexCodeList>
                    <string>^\s+Cutting%\s+(.*)\;\s+Blunt%\s+(.*)\;\s+Magic%\s+(.*)$</string>
                </regexCodeList>
                <regexCodePropertyList>
                    <integer>1</integer>
                </regexCodePropertyList>
            </Trigger>
            <Trigger isActive="yes" isFolder="no" isTempTrigger="no" isMultiline="no" isPerlSlashGOption="no" isColorizerTrigger="yes" isFilterTrigger="no" isSoundTrigger="no" isColorTrigger="no" isColorTriggerFg="no" isColorTriggerBg="no">
                <name>shop weapon</name>
                <script>local a
local b
local m
if matches[2]=='n/a' then a=0 else a=matches[2] end
if matches[3]=='n/a' then b=0 else b=matches[3] end
if matches[4]=='n/a' then c=0 else c=matches[4] end

a = string.rep(' ',3-string.len(a))..a
b = string.rep(' ',3-string.len(b))..b
c = string.rep(' ',3-string.len(c))..c

if not shopdb.gag then
  moveCursor(80, getLineNumber()-1)
  cinsertText(&quot;[D:&lt;red&gt;&quot;..a..'&lt;reset&gt;|H:&lt;green&gt;'..b..'&lt;reset&gt;|S:&lt;blue&gt;'..c..'&lt;reset&gt;]')
  moveCursorEnd()
end --if
deleteLine()</script>
                <triggerType>0</triggerType>
                <conditonLineDelta>0</conditonLineDelta>
                <mStayOpen>0</mStayOpen>
                <mCommand></mCommand>
                <packageName></packageName>
                <mFgColor>#ff0000</mFgColor>
                <mBgColor>#ffff00</mBgColor>
                <mSoundFile></mSoundFile>
                <colorTriggerFgColor>#000000</colorTriggerFgColor>
                <colorTriggerBgColor>#000000</colorTriggerBgColor>
                <regexCodeList>
                    <string>^\s+Dmg\:\s+(.*)\;\s+To-hit:\s+(.*)\;\s+Spd\:\s+(.*)$</string>
                </regexCodeList>
                <regexCodePropertyList>
                    <integer>1</integer>
                </regexCodePropertyList>
            </Trigger>
            <Trigger isActive="yes" isFolder="no" isTempTrigger="no" isMultiline="no" isPerlSlashGOption="no" isColorizerTrigger="no" isFilterTrigger="no" isSoundTrigger="no" isColorTrigger="no" isColorTriggerFg="no" isColorTriggerBg="no">
                <name>shop capture</name>
                <script>local thisitem = matches[2]
local thisdesc = matches[3]
local thisqty = tonumber(matches[4])
local thiscost = tonumber(matches[5])
local isgroup = string.match(thisdesc,&quot;a group of&quot;)
local thisgroup = string.match(thisdesc,&quot;%d+&quot;)
local mygold = tonumber(gmcp.Char.Status[&quot;gold&quot;])
local r, g, b = unpack(color_table[&quot;dim_gray&quot;])

if isgroup then
	local thiscostper = string.format('%6.1f',thiscost/thisgroup)
	echo(' '..thiscostper .. ' per')
end --if

--Cleanup
thisdesc = string.gsub(thisdesc,'%(.+%)','')
thisdesc = string.trim(thisdesc)
if string.sub(thisdesc,1,3) == 'an ' then thisdesc = string.sub(thisdesc,4,100) end
if string.sub(thisdesc,1,2) == 'a ' then thisdesc = string.sub(thisdesc,3,100) end

--Probe Object
selectCaptureGroup(2)
setUnderline(true)
setLink([[send(&quot;probe ]]..thisitem..[[&quot;)]], &quot;Probe &quot; .. thisitem)
resetFormat()

--Buy Object
selectCaptureGroup(5)
if mygold &gt;= thiscost then
  setUnderline(true)
	setLink([[send(&quot;buy ]]..thisitem..[[&quot;)]],&quot;Buy &quot; .. thisitem)
else
	setFgColor(r,g,b)
end
resetFormat()

--Capture
if shopdb.current[thisdesc]==nil then
	curqty = 0
	else
	curqty = shopdb.current[thisdesc]
end
shopdb.current[thisdesc] = curqty + thisqty

--Gag
if shopdb.gag then deleteLine() end</script>
                <triggerType>0</triggerType>
                <conditonLineDelta>0</conditonLineDelta>
                <mStayOpen>0</mStayOpen>
                <mCommand></mCommand>
                <packageName></packageName>
                <mFgColor>#ff0000</mFgColor>
                <mBgColor>#ffff00</mBgColor>
                <mSoundFile></mSoundFile>
                <colorTriggerFgColor>#000000</colorTriggerFgColor>
                <colorTriggerBgColor>#000000</colorTriggerBgColor>
                <regexCodeList>
                    <string>^\s+(\w+\d+)\s(.*)\s(\d+)\s+(\d+)gp$</string>
                </regexCodeList>
                <regexCodePropertyList>
                    <integer>1</integer>
                </regexCodePropertyList>
            </Trigger>
            <Trigger isActive="yes" isFolder="no" isTempTrigger="no" isMultiline="no" isPerlSlashGOption="no" isColorizerTrigger="no" isFilterTrigger="no" isSoundTrigger="no" isColorTrigger="no" isColorTriggerFg="no" isColorTriggerBg="no">
                <name>shop prompt</name>
                <script>if shopdb.more then
	send(&quot;more&quot;)
	deleteLine()
	shopdb.more = false
	setTriggerStayOpen(&quot;shopdb Shop Capture&quot;, 999)
else
	setTriggerStayOpen('shopdb shop capture', 0)
	disableTrigger('shopdb shop capture')
	shopdb.processwares()
	shopdb.shopmsg()
end</script>
                <triggerType>0</triggerType>
                <conditonLineDelta>0</conditonLineDelta>
                <mStayOpen>0</mStayOpen>
                <mCommand></mCommand>
                <packageName></packageName>
                <mFgColor>#ff0000</mFgColor>
                <mBgColor>#ffff00</mBgColor>
                <mSoundFile></mSoundFile>
                <colorTriggerFgColor>#000000</colorTriggerFgColor>
                <colorTriggerBgColor>#000000</colorTriggerBgColor>
                <regexCodeList>
                    <string>return isPrompt()</string>
                </regexCodeList>
                <regexCodePropertyList>
                    <integer>4</integer>
                </regexCodePropertyList>
            </Trigger>
        </Trigger>
        <Trigger isActive="no" isFolder="no" isTempTrigger="no" isMultiline="no" isPerlSlashGOption="no" isColorizerTrigger="yes" isFilterTrigger="no" isSoundTrigger="no" isColorTrigger="no" isColorTriggerFg="no" isColorTriggerBg="no">
            <name>shopdb pagelength</name>
            <script>shopdb.deleteFull()</script>
            <triggerType>0</triggerType>
            <conditonLineDelta>0</conditonLineDelta>
            <mStayOpen>0</mStayOpen>
            <mCommand></mCommand>
            <packageName></packageName>
            <mFgColor>#ff0000</mFgColor>
            <mBgColor>#ffff00</mBgColor>
            <mSoundFile></mSoundFile>
            <colorTriggerFgColor>#000000</colorTriggerFgColor>
            <colorTriggerBgColor>#000000</colorTriggerBgColor>
            <regexCodeList>
                <string>^Your current pagelength\:\s+\d+$</string>
            </regexCodeList>
            <regexCodePropertyList>
                <integer>1</integer>
            </regexCodePropertyList>
        </Trigger>
    </TriggerPackage>
    <TimerPackage/>
    <AliasPackage>
        <Alias isActive="yes" isFolder="no">
            <name>Shop</name>
            <script>shopdb.shopping(matches[2])</script>
            <command></command>
            <packageName></packageName>
            <regex>^(?i)shop(.*)$</regex>
        </Alias>
    </AliasPackage>
    <ActionPackage/>
    <ScriptPackage>
        <Script isActive="yes" isFolder="no">
            <name>ShopDB Main</name>
            <packageName></packageName>
            <script>shopdb = shopdb or {}
shopdb.more = false

disableTrigger('shopdb shop capture')
disableTrigger('shopdb pagelength')

function shopdb.deleteFull()
  deleteLine()
  tempLineTrigger(1,1,[[if isPrompt() then
    deleteLine()
  end]])
end --function

function shopdb.inshop(yell)
	if table.contains(gmcp.Room.Info.details,'shop') then
		return true
	else
		if yell then
  		shopdb.shopmsgtext = &quot;You can only run this function from a shop!&quot;
  		shopdb.shopmsg()
		end --if
		return false
	end
end --function


function shopdb.shopmsg()
	if shopdb.shopmsgtext then
	cecho('\n&lt;CornflowerBlue&gt;[Secret Shopper]: &lt;reset&gt;' .. shopdb.shopmsgtext)
	end --if
end --function

function shopdb.shopping(cmd)
  local cmd = string.lower(string.trim(cmd))
  if string.starts(cmd,'wares') then
		if not shopdb.inshop(true) then return false end
		shopdb.shopmsgtext = 'Shop Current Stock Updated!'
		shopdb.mode = 'wares'
		shopdb.removeitems(gmcp.Room.Info.num)
  	shopdb.capturestock(false,cmd)
  elseif cmd == 'set' then
		if not shopdb.inshop(true) then return false end
		shopdb.shopmsgtext = 'Shop Default Stock Updated!'
		shopdb.mode = 'set'
		shopdb.removeitems(gmcp.Room.Info.num)
  	shopdb.capturestock(true)		
	elseif cmd == 'compare' then
		if not shopdb.inshop(true) then return false end
		shopdb.compare()		
	elseif string.starts(cmd,'update') then
		shopdb.update(cmd)
	elseif string.starts(cmd,'pagelength') then
		shopdb.setpagelength(cmd)
	else
  	shopdb.syntax(cmd)
  end --if
end --function

function shopdb.capturestock(flag,cmd)
	shopdb.gag = flag
	enableTrigger('shopdb shop capture')
	enableTrigger('shopdb pagelength')
	send('config pagelength 250',false)
	shopdb.current = {}
	if cmd then 
		send(cmd,false) 
	else
		send('wares',false)
	end
	tempTimer(5,[[disableTrigger('shopdb shop capture')]])
	tempTimer(5,[[disableTrigger('shopdb pagelength')]])
end --function

function shopdb.syntax(cmd)
	if cmd == &quot;&quot; then
		local myfont = getFont()
		cecho('&lt;brown&gt;ShopDB Syntax:')
		echo('\nSHOP WARES        - Updates current stock for shop')
		echo('\nSHOP WARES &lt;item&gt; - Shows all wares or filtered by &lt;item&gt;')
		echo('\nSHOP SET          - Sets default quantities for shop')
		echo('\nSHOP COMPARE      - Compares default to current stock')
		echo('\nSHOP UPDATE*      - Changes default stock for item')
		echo('\nSHOP PAGELENGTH   - Updates default page length, Current:'..shopdb.getpagelength())
		echo('\n')
		echo('\n*Used from comparison screen')
	else
		echo('That is not a valid shop command. Use SHOP for instructions.')
	end --if
end --function

function shopdb.removeitems(thisnum)
	local mydb = db:get_database(&quot;shopdb&quot;)
	if shopdb.mode == 'set' then
		db:delete(mydb.stockS, db:eq(mydb.stockS.shopid,thisnum))
		else
		db:delete(mydb.stockC, db:eq(mydb.stockC.shopid,thisnum))
	end --if
end --function

function shopdb.processwares()
	shopdb.upload ={}
	local mydb = db:get_database(&quot;shopdb&quot;)
	local num = gmcp.Room.Info.num
	local name = gmcp.Room.Info.name
  for k,v in pairs(shopdb.current) do
		if shopdb.mode == 'set' then
		db:add(mydb.stockS,{key=num..db:safe_name(k),shopid=num,shopname=name,item=k,stock=v})
		else
		db:add(mydb.stockC,{key=num..db:safe_name(k),shopid=num,shopname=name,item=k,stock=v})
		end
  end --for
	send('config pagelength '..shopdb.getpagelength(),false)
end --function

function shopdb.compare()
	local thisnum = gmcp.Room.Info.num
	local thisname = gmcp.Room.Info.name
	local mydb = db:get_database(&quot;shopdb&quot;)
	local pre = db:fetch(mydb.stockS, db:eq(mydb.stockS.shopid,thisnum), {mydb.stockS.item})
	local cur = db:fetch(mydb.stockC, db:eq(mydb.stockC.shopid,thisnum), {mydb.stockC.item})
	local dcnt = 0
	
	if table.size(pre) == 0 then
		shopdb.shopmsgtext = &quot;This shop doesn't have default stock set!&quot;
		shopdb.shopmsg()
	else
  	shopdb.shopmsgtext = 'Inventory Comparison for &lt;yellow&gt;'..thisname
		shopdb.shopmsg()
  	cecho('\n&lt;DarkTurquoise&gt;--(&lt;DarkGoldenrod&gt;Set&lt;DarkTurquoise&gt;)--(&lt;DarkGoldenrod&gt;Cur&lt;DarkTurquoise&gt;)--(&lt;DarkGoldenrod&gt;ΔΔΔ&lt;DarkTurquoise&gt;)--(&lt;DarkGoldenrod&gt;Item&lt;DarkTurquoise&gt;)')
  	for k1,v1 in ipairs(pre) do
  		local thisitem = v1.item
  		local oldqty = v1.stock
  		local newqty = 0
  			for k2,v2 in ipairs(cur) do
  				if v2.item == thisitem then
  					newqty = v2.stock
  				end --if
  			end -- for
  		local dqty = oldqty - newqty
			if dqty ~= 0 then resetFormat() setBgColor(30,30,30) end
			echo('\n   ')
			setFgColor(51,102,187)
			setUnderline(true)
			local txt = string.format('%3.0f',oldqty)
			local cmd = [[clearCmdLine() appendCmdLine(&quot;shop update ]]..v1.key..[[ from ]]..v1.stock..[[ to &quot;)]]
			local hnt = 'Update default quantity for &quot;'..v1.item..'&quot;'
  		echoLink(txt,cmd,hnt,true)
			if dqty ~= 0 then resetFormat() setBgColor(30,30,30) else resetFormat() end
			echo(string.format('%7.0f',newqty))
			echo(string.format('%7.0f',dqty))
			echo('    '..thisitem)
  		resetFormat()
		end -- for
	end --if

end --function

function shopdb.update(cmd)
	local nums = {}
	for n in string.gmatch(cmd,'%d+') do
		table.insert(nums,tonumber(n))
	end --for
	local key = string.match(cmd,'update (.+) from')
	local mydb = db:get_database(&quot;shopdb&quot;)
	local rec = db:fetch(mydb.stockS, db:eq(mydb.stockS.key, key))
	rec[1].stock = nums[3]
	db:update(mydb.stockS,rec[1])
	shopdb.compare()
end --function

function shopdb.getpagelength()
	local mydb = db:get_database(&quot;shopdb&quot;)
	local rec = db:fetch(mydb.config, db:eq(mydb.config.key, &quot;pagelength&quot;))
	if table.size(rec) == 0 then
		return 25
	else
		return tonumber(rec[1].value)
	end --if
end --function

function shopdb.setpagelength(cmd)
	local l = tonumber(string.match(cmd,'%d+'))
	local mydb = db:get_database(&quot;shopdb&quot;)
	if l &lt; 20 then l=20 end
	if l &gt; 255 then l=250 end
	db:add(mydb.config,{key='pagelength',value=l})
	shopdb.shopmsgtext = &quot;Default pagelength set to &quot;..l
	shopdb.shopmsg()
end --function


db:create(&quot;shopdb&quot;, {
	stockS={key=&quot;&quot;, shopid=0, shopname=&quot;&quot;, item=&quot;&quot;, stock=0, _unique = {&quot;key&quot;}, _violations = &quot;REPLACE&quot;},
	stockC={key=&quot;&quot;, shopid=0, shopname=&quot;&quot;, item=&quot;&quot;, stock=0, _unique = {&quot;key&quot;}, _violations = &quot;REPLACE&quot;},
	config={key=&quot;&quot;, value=&quot;&quot;, _unique = {&quot;key&quot;}, _violations = &quot;REPLACE&quot;}
	})</script>
            <eventHandlerList/>
        </Script>
    </ScriptPackage>
    <KeyPackage/>
</MudletPackage>
