<?xml version="1.0" encoding="UTF-8"?>
<!DOCTYPE MudletPackage>
<MudletPackage version="1.001">
    <TriggerPackage/>
    <TimerPackage/>
    <AliasPackage>
        <AliasGroup isActive="yes" isFolder="yes">
            <name>ShopHandler</name>
            <script></script>
            <command></command>
            <packageName></packageName>
            <regex></regex>
            <Alias isActive="yes" isFolder="no">
                <name>Reprice shop item</name>
                <script>cecho(&quot;\n&quot; ..matches[2].. &quot;\n&quot;)
item = matches[2]
send(&quot;unlock d door;open d door;d;lock up door;get &quot; ..item.. &quot;;drop &quot;..item)
templeaveshop = tempTimer(0.5, [[send(&quot;unlock up door;open up door;up&quot;)]])</script>
                <command></command>
                <packageName></packageName>
                <regex>^srprice\s+(.*)$</regex>
            </Alias>
            <Alias isActive="yes" isFolder="no">
                <name>enter shop</name>
                <script>entershop()</script>
                <command></command>
                <packageName></packageName>
                <regex>^eshop$</regex>
            </Alias>
            <Alias isActive="yes" isFolder="no">
                <name>leave shop</name>
                <script>leaveshop()</script>
                <command></command>
                <packageName></packageName>
                <regex>^lshop$</regex>
            </Alias>
            <Alias isActive="yes" isFolder="no">
                <name>price shop item</name>
                <script>item = matches[2]
send(&quot;unlock d door;open d door;d;lock up door;drop &quot;..item)
templeaveshop = tempTimer(0.5, [[send(&quot;unlock up door;open up door;up&quot;)]])</script>
                <command></command>
                <packageName></packageName>
                <regex>^sprice\s+(.*)$</regex>
            </Alias>
            <Alias isActive="yes" isFolder="no">
                <name>fill tun</name>
                <script>fillTun(matches[2], matches[3])</script>
                <command></command>
                <packageName></packageName>
                <regex>^ftun\s+(\d+)\s+(\w+)$</regex>
            </Alias>
            <Alias isActive="yes" isFolder="no">
                <name>UpdateInventory</name>
                <script>updateInventory()</script>
                <command></command>
                <packageName></packageName>
                <regex>^suinv$</regex>
            </Alias>
            <Alias isActive="yes" isFolder="no">
                <name>CompareInventory</name>
                <script>compareInventory()</script>
                <command></command>
                <packageName></packageName>
                <regex>^scinv$</regex>
            </Alias>
        </AliasGroup>
    </AliasPackage>
    <ActionPackage/>
    <ScriptPackage>
        <ScriptGroup isActive="yes" isFolder="yes">
            <name>shop scripts</name>
            <packageName></packageName>
            <script>-------------------------------------------------
--         Put your Lua functions here.        --
--                                             --
-- Note that you can also use external Scripts --
-------------------------------------------------

--script name: shoptableEleusis (you have to have this or it won't match the table)
</script>
            <eventHandlerList/>
            <Script isActive="yes" isFolder="no">
                <name>shopListEleusis</name>
                <packageName></packageName>
                <script>--script name: shoptableEleusis (you have to have this or it won't match the table)

--Put this in the big space:
tuns = {
	[&quot;curare&quot;] = {&quot;tun282804&quot;, &quot;370&quot;},
	[&quot;prefarar&quot;] = {&quot;tun283942&quot;, &quot;500&quot;},
	[&quot;restoration&quot;] = {&quot;tun221925&quot;, &quot;470&quot;},
	[&quot;health&quot;] = {&quot;tun182527&quot;, &quot;110&quot;}
}


shopListEleusis = {
[&quot;a chunk of makaelicite&quot;] 																			= {&quot;7000&quot;, 	&quot;BIN 5&quot;},
[&quot;a piece of slinkamite&quot;] 																			= {&quot;14000&quot;, 	&quot;BIN 5&quot;},
[&quot;a chunk of xerthyst&quot;] 																				= {&quot;9000&quot;, &quot;BIN 5&quot;},
[&quot;a chunk of valenticite&quot;] 																			= {&quot;17000&quot;, 	&quot;BIN 5&quot;},
[&quot;a chunk of silvery ahmetite&quot;] 																= {&quot;10000&quot;,	&quot;BIN 5&quot;},
[&quot;a piece of draekinite&quot;] 																			= {&quot;7000&quot;, 	&quot;BIN 5&quot;},
[&quot;a cube of verillium&quot;]																					= {&quot;20000&quot;,	&quot;BIN 5&quot;},
[&quot;a ball of seftonium&quot;]																					= {&quot;20000&quot;,	&quot;BIN 5&quot;},
[&quot;a translucent piece of shunsten&quot;] 														= {&quot;9000&quot;, &quot;BIN 5&quot;},
[&quot;a piece of azelhurium&quot;] 																			= {&quot;22000&quot;,	&quot;BIN 5&quot;},
[&quot;a piece of laytronite&quot;] 																			= {&quot;22000&quot;, &quot;BIN 5&quot;},
[&quot;a piece of profithyst&quot;] 																			= {&quot;120000&quot;, &quot;BIN 5&quot;},
[&quot;a round hunk of silathyst&quot;] 																	= {&quot;22000&quot;, &quot;BIN 5&quot;},
[&quot;a fragment of telendrium&quot;] 																		= {&quot;12000&quot;, &quot;BIN 5&quot;},
[&quot;a translucent piece of melodar&quot;] 															= {&quot;25000&quot;, &quot;BIN 5&quot;},
[&quot;a cube of qwindorium&quot;] 																				= {&quot;20000&quot;, &quot;BIN 5&quot;},
[&quot;a chunk of senastone&quot;] 																				= {&quot;15000&quot;, &quot;BIN 5&quot;},
[&quot;a golden, Eleusian shortsword&quot;] 															= {&quot;600&quot;, 	&quot;BIN 4&quot;},
[&quot;an azure suit of Eleusian ring mail&quot;] 												= {&quot;3000&quot;, 	&quot;BIN 4&quot;},
[&quot;a fearsome, Eleusian longsword&quot;] 															= {&quot;3500&quot;, 	&quot;BIN 4&quot;},
[&quot;a golden, Eleusian longsword&quot;] 																= {&quot;5000&quot;,	&quot;BIN 4&quot;},
[&quot;a golden, Eleusian broadsword&quot;] 															= {&quot;5000&quot;,	&quot;BIN 4&quot;},
[&quot;a fearsome, Eleusian flail&quot;] 																	= {&quot;3000&quot;, 	&quot;BIN 4&quot;},
[&quot;a golden, Eleusian flail&quot;] 																		= {&quot;5000&quot;, &quot;BIN 4&quot;},
[&quot;a golden suit of Eleusian leather armour&quot;] 										= {&quot;6000&quot;, &quot;BIN 4&quot;},
[&quot;a fearsome, Eleusian battleaxe&quot;] 															= {&quot;1500&quot;, 	&quot;BIN 4&quot;},
[&quot;a golden, Eleusian battleaxe&quot;] 																= {&quot;15000&quot;, &quot;BIN 4&quot;},
[&quot;rum (barrel of rum)&quot;] 																				= {&quot;15000&quot;,	&quot;BIN 1&quot;},
[&quot;a sleek suit of Eleusian chain mail&quot;] 												= {&quot;4000&quot;, 	&quot;BIN 4&quot;},
[&quot;a lovely suit of Eleusian chain mail&quot;] 												= {&quot;4000&quot;, 	&quot;BIN 4&quot;},
[&quot;a golden Eleusian cavalry shield&quot;] 														= {&quot;1000&quot;, 	&quot;BIN 4&quot;},
[&quot;a golden Eleusian cavalry shield&quot;] 														= {&quot;1000&quot;, 	&quot;BIN 4&quot;},
[&quot;a golden, Eleusian scimitar&quot;] 																= {&quot;5000&quot;, &quot;BIN 4&quot;},
[&quot;a golden, Eleusian rapier&quot;] 																	= {&quot;5000&quot;,	&quot;BIN 4&quot;},
[&quot;a golden, Eleusian javelin&quot;] 																	= {&quot;3000&quot;, 	&quot;BIN 4&quot;},
[&quot;a golden, Eleusian morning star&quot;] 														= {&quot;5000&quot;,	&quot;BIN 4&quot;},
[&quot;a golden, Eleusian trident&quot;] 																	= {&quot;5000&quot;, &quot;BIN 4&quot;},
[&quot;a golden, Eleusian lance&quot;] 																		= {&quot;8000&quot;, &quot;BIN 4&quot;},
[&quot;a sleek trident&quot;] 																						= {&quot;900&quot;, &quot;BIN 4&quot;},
[&quot;a balanced axe&quot;] 																							= {&quot;600&quot;, &quot;BIN 4&quot;},
[&quot;a rugged spear&quot;]			 																				= {&quot;900&quot;, &quot;BIN 4&quot;},
[&quot;a straight, iron spear&quot;]																			= {&quot;1000&quot;, &quot;BIN 4&quot;},
[&quot;a curved, double-edged axe&quot;]																	= {&quot;1000&quot;, &quot;BIN 4&quot;},
[&quot;a solid, iron trident&quot;] 																			= {&quot;1000&quot;, &quot;BIN 4&quot;},
[&quot;a sleek, Eleusian trident&quot;] 																	= {&quot;950&quot;, &quot;BIN 4&quot;},
[&quot;a balanced, Eleusian axe&quot;] 																		= {&quot;650&quot;, &quot;BIN 4&quot;},
[&quot;a rugged, Eleusian spear&quot;]			 															= {&quot;950&quot;, &quot;BIN 4&quot;},
[&quot;a rugged, Eleusian lash&quot;]			 																= {&quot;650&quot;, &quot;BIN 4&quot;},
[&quot;a rugged, Eleusian longsword&quot;]			 													= {&quot;3000&quot;, &quot;BIN 4&quot;},
[&quot;a golden suit of Eleusian scale mail&quot;] 												= {&quot;8000&quot;, &quot;BIN 4&quot;},
[&quot;an azure suit of Eleusian cloth armour&quot;] 											= {&quot;10000&quot;, &quot;BIN 4&quot;},
[&quot;a golden suit of Eleusian full plate&quot;] 												= {&quot;29000&quot;, &quot;BIN 4&quot;},
[&quot;an ornate suit of Eleusian chain mail&quot;] 											= {&quot;8000&quot;, &quot;BIN 4&quot;},
[&quot;a rugged suit of Eleusian chain mail&quot;] 												= {&quot;3600&quot;, &quot;BIN 4&quot;},
[&quot;a rugged suit of Eleusian leather armour&quot;] 										= {&quot;1300&quot;, &quot;BIN 4&quot;},
[&quot;a rugged suit of Eleusian scale mail&quot;] 												= {&quot;2500&quot;, &quot;BIN 4&quot;},
[&quot;a rugged suit of Eleusian field plate&quot;] 											= {&quot;9000&quot;, &quot;BIN 4&quot;},
[&quot;a golden Eleusian buckler&quot;] 																	= {&quot;3000&quot;, 	&quot;BIN 4&quot;},
[&quot;a group of 100 red inks&quot;] 																		= {&quot;1500&quot;, 	&quot;BIN 3&quot;},
[&quot;a group of 10 red inks&quot;] 																			= {&quot;120&quot;, 	&quot;BIN 3&quot;},
[&quot;a group of 100 yellow inks&quot;] 																	= {&quot;6500&quot;, 	&quot;BIN 3&quot;},
[&quot;a group of 10 yellow inks&quot;] 																	= {&quot;450&quot;, 	&quot;BIN 3&quot;},
[&quot;a group of 100 green inks&quot;] 																	= {&quot;10000&quot;, 	&quot;BIN 3&quot;},
[&quot;a group of 10 green inks&quot;]																		= {&quot;900&quot;, 	&quot;BIN 3&quot;},
[&quot;a group of 100 blue inks&quot;] 																		= {&quot;4500&quot;, 	&quot;BIN 3&quot;},
[&quot;a group of 10 blue inks&quot;] 																		= {&quot;250&quot;, 	&quot;BIN 3&quot;},
[&quot;a group of 100 purple inks&quot;] 																	= {&quot;12000&quot;, &quot;BIN 3&quot;},
[&quot;a group of 100 black inks&quot;] 																	= {&quot;30000&quot;, &quot;BIN 3&quot;},
[&quot;a group of 10 purple inks&quot;] 																	= {&quot;1450&quot;, 	&quot;BIN 3&quot;},
[&quot;a group of 100 gold inks&quot;] 																		= {&quot;14000&quot;, &quot;BIN 3&quot;},
[&quot;a group of 5 gold inks&quot;] 																			= {&quot;1250&quot;, 	&quot;BIN 3&quot;},
[&quot;a group of 10 key-shaped sigils&quot;] 														= {&quot;3000&quot;, 	&quot;BIN 6&quot;},
[&quot;a group of 10 mushroom sigils&quot;] 															= {&quot;7000&quot;, 	&quot;BIN 6&quot;},
[&quot;a group of 10 star sigils&quot;] 																	= {&quot;10500&quot;, &quot;BIN 6&quot;},
[&quot;a group of 10 monolith sigils&quot;] 															= {&quot;8000&quot;, 	&quot;BIN 6&quot;},
[&quot;a group of 10 fist-shaped sigils&quot;] 														= {&quot;7000&quot;, 	&quot;BIN 6&quot;},
[&quot;a group of 10 eye sigils&quot;] 																		= {&quot;1000&quot;, 	&quot;BIN 6&quot;},
[&quot;a group of 10 flame-shaped sigils&quot;] 													= {&quot;4800&quot;, 	&quot;BIN 6&quot;},
[&quot;a group of 10 cube sigils&quot;] 																	= {&quot;5400&quot;, 	&quot;BIN 6&quot;},
[&quot;a group of 10 knife sigils&quot;] 																	= {&quot;2100&quot;, 	&quot;BIN 6&quot;},
[&quot;a group of 10 orb sigils&quot;] 																		= {&quot;1500&quot;, 	&quot;BIN 6&quot;},
[&quot;a bag of stasis&quot;] 																						= {&quot;3858&quot;,	&quot;BIN 6&quot;},
[&quot;a brooch of Thoth&quot;] 																					= {&quot;2000&quot;, 	&quot;BIN 6&quot;},
[&quot;a finely crafted dreamcatcher&quot;] 															= {&quot;2409&quot;, 	&quot;BIN 6&quot;},
[&quot;a scented bauble&quot;] 																						= {&quot;355&quot;, 	&quot;BIN 6&quot;},
[&quot;a worry stone&quot;] 																							= {&quot;1200&quot;, 	&quot;BIN 6&quot;},
[&quot;a scroll possessing the fire resistance enchantment&quot;] 				= {&quot;1600&quot;, 	&quot;BIN 6&quot;},
[&quot;a scroll possessing the water walking enchantment&quot;] 					= {&quot;2300&quot;, 	&quot;BIN 6&quot;},
[&quot;a scroll possessing the icewall enchantment&quot;] 								= {&quot;1600&quot;, 	&quot;BIN 6&quot;},
[&quot;a scroll possessing the electric resistance enchantment&quot;] 		= {&quot;2100&quot;, 	&quot;BIN 6&quot;},
[&quot;a scroll possessing the magic resistance enchantment&quot;] 				= {&quot;2300&quot;, 	&quot;BIN 6&quot;},
[&quot;a scroll possessing the firelash enchantment&quot;] 								= {&quot;1600&quot;, 	&quot;BIN 6&quot;},
[&quot;a scroll possessing the stasis enchantment&quot;] 									= {&quot;2600&quot;, 	&quot;BIN 6&quot;},
[&quot;a scroll possessing the cold resistance enchantment&quot;] 				= {&quot;1600&quot;, 	&quot;BIN 6&quot;},
[&quot;a scroll possessing the firewall enchantment&quot;] 								= {&quot;1600&quot;, 	&quot;BIN 6&quot;},
[&quot;a group of 25 meteor arrows&quot;] 																= {&quot;3500&quot;, 	&quot;BIN 6&quot;},
[&quot;a group of 50 meteor arrows&quot;] 																= {&quot;5000&quot;, 	&quot;BIN 6&quot;},
[&quot;a group of 100 meteor arrows&quot;] 																= {&quot;9000&quot;, &quot;BIN 6&quot;},
[&quot;a mushroom sigil&quot;] 																						= {&quot;490&quot;, 	&quot;BIN 6&quot;},
[&quot;a flame-shaped sigil&quot;] 																				= {&quot;500&quot;, 	&quot;BIN 6&quot;},
[&quot;a fist-shaped sigil&quot;] 																				= {&quot;590&quot;, 	&quot;BIN 6&quot;},
[&quot;a group of 25 fist-shaped sigils&quot;] 														= {&quot;14500&quot;, &quot;BIN 6&quot;},
[&quot;a group of 10 fist-shaped sigils&quot;] 														= {&quot;5900&quot;, 	&quot;BIN 6&quot;},
[&quot;a group of 5 fist-shaped sigils&quot;] 														= {&quot;2950&quot;, 	&quot;BIN 6&quot;},
[&quot;a star sigil&quot;] 																								= {&quot;735&quot;, 	&quot;BIN 6&quot;},
[&quot;a mushroom sigil&quot;] 																						= {&quot;490&quot;, 	&quot;BIN 6&quot;},
[&quot;a group of 50 eye sigils&quot;] 																		= {&quot;5000&quot;, 	&quot;BIN 6&quot;},
[&quot;a group of 25 eye sigils&quot;] 																		= {&quot;2500&quot;, 	&quot;BIN 6&quot;},
[&quot;a group of 25 flame-shaped sigils&quot;] 													= {&quot;10000&quot;, &quot;BIN 6&quot;},
[&quot;a group of 25 monolith sigils&quot;] 															= {&quot;15000&quot;, &quot;BIN 6&quot;},
[&quot;a group of 25 mushroom sigils&quot;] 															= {&quot;20000&quot;, &quot;BIN 6&quot;},
[&quot;a group of 100 key-shaped sigils&quot;] 														= {&quot;40000&quot;, &quot;BIN 6&quot;},
[&quot;a group of 100 pieces of irid moss&quot;] 													= {&quot;1000&quot;, 	&quot;BIN 2&quot;},
[&quot;a group of 100 bloodroot leaves&quot;] 														= {&quot;400&quot;, 	&quot;BIN 2&quot;},
[&quot;a group of 100 ginseng roots&quot;] 																= {&quot;1000&quot;, 	&quot;BIN 2&quot;},
[&quot;a group of 100 pieces of kelp&quot;] 															= {&quot;400&quot;, 	&quot;BIN 2&quot;},
[&quot;a group of 100 goldenseal roots&quot;] 														= {&quot;400&quot;, 	&quot;BIN 2&quot;},
[&quot;a group of 100 sileris berries&quot;] 															= {&quot;1000&quot;, 	&quot;BIN 2&quot;},
[&quot;a group of 100 kola nuts&quot;] 																		= {&quot;400&quot;, 	&quot;BIN 2&quot;},
[&quot;a group of 100 skullcap flowers&quot;] 														= {&quot;400&quot;, 	&quot;BIN 2&quot;},
[&quot;a group of 100 pieces of bayberry bark&quot;] 											= {&quot;500&quot;, 	&quot;BIN 2&quot;},
[&quot;a group of 100 hawthorn berries&quot;] 														= {&quot;500&quot;, 	&quot;BIN 2&quot;},
[&quot;a group of 100 lobelia seeds&quot;] 																= {&quot;400&quot;, 	&quot;BIN 2&quot;},
[&quot;a group of 100 slippery elms&quot;] 																= {&quot;400&quot;, 	&quot;BIN 2&quot;},
[&quot;a group of 100 valerian leaves&quot;] 															= {&quot;600&quot;, 	&quot;BIN 2&quot;},
[&quot;a group of 100 pieces of prickly ash bark&quot;] 									= {&quot;400&quot;, 	&quot;BIN 2&quot;},
[&quot;a group of 100 bellwort flowers&quot;] 														= {&quot;400&quot;, 	&quot;BIN 2&quot;},
[&quot;a group of 100 ginger roots&quot;] 																= {&quot;350&quot;, 	&quot;BIN 2&quot;},
[&quot;a group of 1000 pieces of irid moss&quot;] 												= {&quot;10500&quot;, &quot;BIN 2&quot;},
[&quot;a group of 1000 bloodroot leaves&quot;] 														= {&quot;5500&quot;, 	&quot;BIN 2&quot;},
[&quot;a group of 1000 ginseng roots&quot;] 															= {&quot;10000&quot;,	&quot;BIN 2&quot;},
[&quot;a group of 1000 pieces of kelp&quot;] 															= {&quot;10000&quot;, 	&quot;BIN 2&quot;},
[&quot;a group of 1000 goldenseal roots&quot;] 														= {&quot;4500&quot;, 	&quot;BIN 2&quot;},
[&quot;a group of 1000 sileris berries&quot;] 														= {&quot;10000&quot;,	&quot;BIN 2&quot;},
[&quot;a group of 1000 kola nuts&quot;] 																	= {&quot;4000&quot;, 	&quot;BIN 2&quot;},
[&quot;a group of 1000 skullcap flowers&quot;] 														= {&quot;4500&quot;, 	&quot;BIN 2&quot;},
[&quot;a group of 1000 pieces of bayberry bark&quot;] 										= {&quot;6000&quot;, 	&quot;BIN 2&quot;},
[&quot;a group of 1000 hawthorn berries&quot;] 														= {&quot;5000&quot;, 	&quot;BIN 2&quot;},
[&quot;a group of 1000 lobelia seeds&quot;] 															= {&quot;5000&quot;, 	&quot;BIN 2&quot;},
[&quot;a group of 1000 slippery elms&quot;] 															= {&quot;5000&quot;, 	&quot;BIN 2&quot;},
[&quot;a group of 1000 valerian leaves&quot;] 														= {&quot;5000&quot;, 	&quot;BIN 2&quot;},
[&quot;a group of 1000 pieces of prickly ash bark&quot;] 									= {&quot;5500&quot;, 	&quot;BIN 2&quot;},
[&quot;a group of 1000 myrrh balls&quot;] 																= {&quot;4500&quot;, 	&quot;BIN 2&quot;},
[&quot;a group of 1000 bellwort flowers&quot;] 														= {&quot;6000&quot;, 	&quot;BIN 2&quot;},
[&quot;a group of 1000 ginger roots&quot;] 																= {&quot;4000&quot;, 	&quot;BIN 2&quot;},
[&quot;a roaring lion figurehead&quot;] 																	= {&quot;3500&quot;, 	&quot;BIN 0&quot;},
[&quot;a group of 100 concussion bombs&quot;] 														= {&quot;4800&quot;, 	&quot;BIN 6&quot;},
[&quot;a group of 25 concussion bombs&quot;] 															= {&quot;1200&quot;, 	&quot;BIN 6&quot;},
}
</script>
                <eventHandlerList/>
            </Script>
            <Script isActive="yes" isFolder="no">
                <name>shopdropandroll</name>
                <packageName></packageName>
                <script>-------------------------------------------------
--         Put your Lua functions here.        --
--                                             --
-- Note that you can also use external Scripts --
-------------------------------------------------

--script name shopdropandroll
-- Registered event handlers: gmcp.Char.items.Add
registerAnonymousEventHandler(&quot;gmcp.Char.Items.Add&quot;, &quot;shopdropandroll&quot;)


shopnumber = 35034 --replace with the storeroom room number


function shopdropandroll()
 if gmcp.Char.Items.Add.location == &quot;room&quot; then
  if tonumber(gmcp.Room.Info.num) == tonumber(shopnumber) then 
		echo(&quot;workinRoom&quot;)
	for k, v in pairs(shopListEleusis) do
		if k == gmcp.Char.Items.Add.item.name then
       send(&quot;price &quot;..gmcp.Char.Items.Add.item.id..&quot; &quot;..shopListEleusis[gmcp.Char.Items.Add.item.name][1]..&quot; &quot;..shopListEleusis[gmcp.Char.Items.Add.item.name][2])
		end
   end
  end
end
end
</script>
                <eventHandlerList>
                    <string>gmcp.Char.Items.Add</string>
                </eventHandlerList>
            </Script>
            <Script isActive="yes" isFolder="no">
                <name>Tun handler</name>
                <packageName></packageName>
                <script>-------------------------------------------------
--         Put your Lua functions here.        --
--                                             --
-- Note that you can also use external Scripts --
-------------------------------------------------



function fillTun(fills, content)
		entershop()
		for k, v in pairs(tuns) do
			if k == content then
				send(&quot;pour &quot;..fills * 200 .. &quot; pot into &quot;..tuns[k][1].. &quot;;price &quot; ..tuns[k][1].. &quot; &quot; ..tuns[k][2].. &quot; bin 1&quot;)					
			end
		end
		leaveshop()
end

</script>
                <eventHandlerList/>
            </Script>
            <Script isActive="yes" isFolder="no">
                <name>enter and exit</name>
                <packageName></packageName>
                <script>-------------------------------------------------
--         Put your Lua functions here.        --
--                                             --
-- Note that you can also use external Scripts --
-------------------------------------------------


function leaveshop()
	send(&quot;unlock up door;open up door;up;lock d door&quot;)
end

function entershop()
	send(&quot;unlock d door;open d door;d;lock up door;poke eye;probe eye;poke monolith;probe monolith&quot;)
end</script>
                <eventHandlerList/>
            </Script>
            <Script isActive="yes" isFolder="no">
                <name>shopinventory</name>
                <packageName></packageName>
                <script>inventoryList = {}

function asInventoryList(gmcpItems)
    local tableResult = {}

    for _, item in ipairs(gmcpItems) do
        local listItem = tableResult[item.name]
        if not listItem then 
            tableResult[item.name] = 0
        end

        tableResult[item.name] = tableResult[item.name] + 1
    end

    return tableResult
end

function updateInventory()
    inventoryList =  asInventoryList(gmcp.Char.Items.List.items)

	saveInventory()

end

function saveInventory()
  if string.char(getMudletHomeDir():byte()) == &quot;/&quot; 
 	 then _sep = &quot;/&quot; 
  	  else _sep = &quot;\\&quot; 
     	   end -- if
  shop_inventory = getMudletHomeDir() .. _sep .. &quot;shop_inventory.lua&quot;
  table.save(shop_inventory, inventoryList)

 end -- func

function loadInventory()
  if string.char(getMudletHomeDir():byte()) == &quot;/&quot; 
   then _sep = &quot;/&quot; 
    else _sep = &quot;\\&quot; 
     end -- if
  shop_inventory = getMudletHomeDir() .. _sep .. &quot;shop_inventory.lua&quot;
  if (io.exists(shop_inventory)) then
   table.load(shop_inventory, inventoryList)
  end -- if
 end -- func

function compareInventory()
    tempinventoryList = asInventoryList(gmcp.Char.Items.List.items)
	 loadInventory()
    missingItems = {}

    for name, count in pairs(inventoryList) do
        if not tempinventoryList[name] or tempinventoryList[name] &lt; count then
        
            local currentCount = tempinventoryList[name] or 0
        
            table.insert(missingItems, { name = name, diff = count - currentCount })
        end
    end

	for _, v in ipairs(missingItems) do
		cecho(&quot;\n&lt;green&gt;Item: &quot; ..v.name.. &quot; - &lt;blue&gt;Sold: &quot; ..v.diff)
	end	
	
end</script>
                <eventHandlerList/>
            </Script>
        </ScriptGroup>
    </ScriptPackage>
    <KeyPackage/>
</MudletPackage>
