<?xml version="1.0" encoding="UTF-8"?>
<!DOCTYPE MudletPackage>
<MudletPackage version="1.001">
	<TriggerPackage>
		<TriggerGroup isActive="yes" isFolder="yes" isTempTrigger="no" isMultiline="no" isPerlSlashGOption="no" isColorizerTrigger="no" isFilterTrigger="no" isSoundTrigger="no" isColorTrigger="no" isColorTriggerFg="no" isColorTriggerBg="no">
			<name>Prospecting</name>
			<script></script>
			<triggerType>0</triggerType>
			<conditonLineDelta>0</conditonLineDelta>
			<mStayOpen>0</mStayOpen>
			<mCommand></mCommand>
			<packageName></packageName>
			<mFgColor>#ff0000</mFgColor>
			<mBgColor>#ffff00</mBgColor>
			<mSoundFile></mSoundFile>
			<colorTriggerFgColor>#000000</colorTriggerFgColor>
			<colorTriggerBgColor>#000000</colorTriggerBgColor>
			<regexCodeList />
			<regexCodePropertyList />
			<Trigger isActive="yes" isFolder="no" isTempTrigger="no" isMultiline="no" isPerlSlashGOption="no" isColorizerTrigger="yes" isFilterTrigger="no" isSoundTrigger="no" isColorTrigger="no" isColorTriggerFg="no" isColorTriggerBg="no">
				<name>Lode found</name>
				<script>lodesize = matches[2]
lodetype = matches[3]

lodetable[gmcp.Room.Info.num] = {lodesize, lodetype, gmcp.Room.Info.name, gmcp.Room.Info.area}

if (lodesize == "tiny" or lodesize == "small" or lodesize == "medium") and (lodetype == "coal" or lodetype == "iron ore" or lodetype == "carbon" or lodetype == "raw stone") then
--send("clan tug tell " ..lodetype .. " FOUND AT " .. gmcp.Room.Info.name.. " (" ..gmcp.Room.Info.num.. ") SIZE: " ..lodesize)
else
mmp.stop() --Mudlet mapper command
prospecting = 0
killTimer(tostring(prospectingtimer))
--send("clan tug tell " ..lodetype .. " FOUND AT " .. gmcp.Room.Info.name.. " (" ..gmcp.Room.Info.num.. ") SIZE: " ..lodesize)
end

</script>
				<triggerType>0</triggerType>
				<conditonLineDelta>0</conditonLineDelta>
				<mStayOpen>0</mStayOpen>
				<mCommand></mCommand>
				<packageName></packageName>
				<mFgColor>#ffff00</mFgColor>
				<mBgColor>#ff55ff</mBgColor>
				<mSoundFile></mSoundFile>
				<colorTriggerFgColor>#000000</colorTriggerFgColor>
				<colorTriggerBgColor>#000000</colorTriggerBgColor>
				<regexCodeList>
					<string>^You determine that there is a (\w+) lode of (.*) here.</string>
				</regexCodeList>
				<regexCodePropertyList>
					<integer>1</integer>
				</regexCodePropertyList>
			</Trigger>
			<Trigger isActive="yes" isFolder="no" isTempTrigger="no" isMultiline="no" isPerlSlashGOption="no" isColorizerTrigger="no" isFilterTrigger="no" isSoundTrigger="no" isColorTrigger="no" isColorTriggerFg="no" isColorTriggerBg="no">
				<name>Mine found</name>
				<script>loderoom = {}
minesize = matches[2]
minetype = matches[3]
minelode = matches[4]
mineprogress = matches[5]*1




--minetable[loderoom] = {minetype, minelode, mineprogress}</script>
				<triggerType>0</triggerType>
				<conditonLineDelta>0</conditonLineDelta>
				<mStayOpen>0</mStayOpen>
				<mCommand></mCommand>
				<packageName></packageName>
				<mFgColor>#ff0000</mFgColor>
				<mBgColor>#ffff00</mBgColor>
				<mSoundFile></mSoundFile>
				<colorTriggerFgColor>#000000</colorTriggerFgColor>
				<colorTriggerBgColor>#000000</colorTriggerBgColor>
				<regexCodeList>
					<string>^There is a (\w+) (.*) mine here on a (\w+) lode that you'd guess is approximately (\w+)% mined out\.$</string>
				</regexCodeList>
				<regexCodePropertyList>
					<integer>1</integer>
				</regexCodePropertyList>
			</Trigger>
			<Trigger isActive="yes" isFolder="no" isTempTrigger="no" isMultiline="no" isPerlSlashGOption="no" isColorizerTrigger="no" isFilterTrigger="no" isSoundTrigger="no" isColorTrigger="no" isColorTriggerFg="no" isColorTriggerBg="no">
				<name>Stronghold found</name>
				<script>strongholdowner=matches[2]

strongholdtable[gmcp.Room.Info.num] = {strongholdowner, gmcp.Room.Info.name, gmcp.Room.Info.area}</script>
				<triggerType>0</triggerType>
				<conditonLineDelta>0</conditonLineDelta>
				<mStayOpen>0</mStayOpen>
				<mCommand></mCommand>
				<packageName></packageName>
				<mFgColor>#ff0000</mFgColor>
				<mBgColor>#ffff00</mBgColor>
				<mSoundFile></mSoundFile>
				<colorTriggerFgColor>#000000</colorTriggerFgColor>
				<colorTriggerBgColor>#000000</colorTriggerBgColor>
				<regexCodeList>
					<string>This stronghold is controlled by (\w+).</string>
				</regexCodeList>
				<regexCodePropertyList>
					<integer>1</integer>
				</regexCodePropertyList>
			</Trigger>
			<Trigger isActive="yes" isFolder="no" isTempTrigger="no" isMultiline="no" isPerlSlashGOption="no" isColorizerTrigger="no" isFilterTrigger="no" isSoundTrigger="no" isColorTrigger="no" isColorTriggerFg="no" isColorTriggerBg="no">
				<name>Mine sign</name>
				<script>mineowner = matches[2]

if minetable[minetype] == nil then
	minetable[minetype] = {}
end

loderoom[gmcp.Room.Info.num] = {osminesize, mineowner, minelode, mineprogress, gmcp.Room.Info.name, gmcp.Room.Info.area}
table.insert(minetable[minetype], loderoom)</script>
				<triggerType>0</triggerType>
				<conditonLineDelta>0</conditonLineDelta>
				<mStayOpen>0</mStayOpen>
				<mCommand></mCommand>
				<packageName></packageName>
				<mFgColor>#ff0000</mFgColor>
				<mBgColor>#ffff00</mBgColor>
				<mSoundFile></mSoundFile>
				<colorTriggerFgColor>#000000</colorTriggerFgColor>
				<colorTriggerBgColor>#000000</colorTriggerBgColor>
				<regexCodeList>
					<string>This (?:.*) mine is owned by (\w+).</string>
				</regexCodeList>
				<regexCodePropertyList>
					<integer>1</integer>
				</regexCodePropertyList>
			</Trigger>
		</TriggerGroup>
	</TriggerPackage>
	<TimerPackage />
	<AliasPackage>
		<AliasGroup isActive="yes" isFolder="yes">
			<name>Prospecting</name>
			<script></script>
			<command></command>
			<packageName></packageName>
			<regex></regex>
			<Alias isActive="yes" isFolder="no">
				<name>Prospecting</name>
				<script>ProspectList = { 
--Mhojave Desert
"312", "316", "318", "312", "311", "317", "315", "314", "310", "309", "302", "300", "301", "303", "306", "305", "14790", "6164", "13778", "358", "354", "350", "346"
,"345", "349", "45863", "353", "357", "356", "355", "351", "352", "348", "6587", "6629", "347", "343", "344", "333", "334", "335", "331", "330", "1236", "1235", "1247"
,"1246", "1249", "1250", "1245", "1237", "1251", "1244", "1243"
-- Vashnar Mountains
,"2007", "2008", "2009", "2010", "2011", "2012", "2014", "2015", "2016", "2013", "2017", "2018", "2019"
-- Dun valley
, "5032", "5033", "5034", "5035", "5036", "3795", "3796", "3799", "3801", "3802", "3805", "3804", "3800", "3798", "3821", "3797", "3812"
-- Pash valley
,"1434", "1433", "1430", "1431", "1427", "1428", "1429", "1426", "1425", "1423", "1424", "3018", "3017", "3016", "28632", "3015", "3019", "3389", "3390", "3391", "3020", "1683", "1686", "1685", "1436", "1435", "1432", "1626", "1627"
,"1628", "1629", "1631", "1632", "1630", "1633", "1634", "1635", "1697", "1706", "1707", "1708", "1709", "1702", "1710", "1705", "1619"
,"1711", "1712", "1719", "1718", "1713", "1714", "1715", "5585", "4315", "1716", "1717", "1720", "1721", "1722", "1723", "1724", "1725", "1726", "1727", "1728", "1729", "1490"
--granite hills 1
,"9146", "18634", "19004", "11657", "11693", "9145", "9144", "9143", "9142", "9141", "9140", "9139", "7626", "7155", "7154", "7153", "7156", "7625", "7226", "9072", "9071", "9070", "9069", "9074", "9073", "9075", "9068", "9067"
-- granite hills 2
,"9105", "9104", "9103", "9102", "9101", "9100", "9099", "9098", "9147", "9092", "9093", "9096", "9094", "9095", "9097", "9138", "9091", "9089", "9090", "9088", "9086", "9131", "9130"
-- Siroccian hills
,"2982", "2983", "2984", "2985", "2986", "2987", "2988", "2981", "3420", "3421", "3422", "3423", "3424", "2980", "2979", "2977", "2990", "2991", "2997"
--Southern Vashnars
,"10280", "38162", "35601", "35193", "10241", "10458", "10381", "10502", "10224", "10247", "10226", "10250", "10448", "10429", "10218", "10219", "10412"
,"10567", "10299", "10342", "10235", "10311", "13553", "10712", "10196", "10195", "10202", "10203", "10194", "10240", "10184", "10186", "10182", "10185", "10189"
,"10409", "10190", "10192", "10193", "10187", "10181", "10206", "10222", "10295"
--Dakhota Hills
,"1139", "1138", "1137", "1136", "1133", "1132", "1131", "1128", "1127", "1126", "1125", "1101", "1100", "11975", "1099", "1082", "1079", "1080", "1077", "1081"
,"1083", "1094", "1084", "1088", "1090", "1089", "1093", "1091", "1095", "1092", "1103", "1102", "1104", "1105", "1106", "1096", "1097", "1107", "1108", "1129", "1130"
,"1111", "1114", "1115", "1118", "1119", "1121", "1123", "1112", "1113"
}

expandAlias("goto "..ProspectList[1])
send("clan tug tell Beginning prospecting run!")
prospecting=1
lastminetable = minetable
minetable = {}
lodetable = {}
strongholdtable = {}</script>
				<command></command>
				<packageName></packageName>
				<regex>^prospectall$</regex>
			</Alias>
			<Alias isActive="yes" isFolder="no">
				<name>continue prospecting</name>
				<script>expandAlias("goto "..ProspectList[1])
prospecting=1</script>
				<command></command>
				<packageName></packageName>
				<regex>^cprospect$</regex>
			</Alias>
			<Alias isActive="yes" isFolder="no">
				<name>showmines</name>
				<script>mineowners = {}
counter= 0
for k,v in pairs(minetable) do 

cecho("\n\nMaterial type: " ..k)

for m,n in pairs(v) do 
  for p,o in pairs(n) do

    cecho("\nRoom number: " ..p.. "\n")


    for b,r in pairs(o) do
      echo(b..": "..r..",  ")
		if b == 2 then
				mineowners[counter] = r
				counter = counter+1
		end
    end
  end

end

end


cecho("\n\n--STRONGHOLDS--\n")
for k,v in pairs(strongholdtable) do

cecho("\n Room number: " ..k.. "\n ")
	for m,n in pairs(v) do
		cecho(m.. ": " ..n.. ", ")
	end

end</script>
				<command></command>
				<packageName></packageName>
				<regex>^showmines$</regex>
			</Alias>
			<Alias isActive="yes" isFolder="no">
				<name>OMG STOP</name>
				<script>mmp.stop()
killTimer(tostring(prospectingtimer))
gotopactive = false
send("stop")
prospecting = 0</script>
				<command></command>
				<packageName></packageName>
				<regex>^pstop$</regex>
			</Alias>
			<Alias isActive="yes" isFolder="no">
				<name>station legion</name>
				<script>i = 0
while i &lt;= 60 do
	send("legion deploy squad " ..i)
	i = i + 1
end
</script>
				<command></command>
				<packageName></packageName>
				<regex>^mstation$</regex>
			</Alias>
			<Alias isActive="yes" isFolder="no">
				<name>showlodes</name>
				<script>
for k,v in pairs(lodetable) do 
	cecho("\n\Room numer: " ..k.. "\n")
	for m,n in pairs(v) do 
  	  cecho("\ " ..m..": " ..n.. "\n")
	end
end</script>
				<command></command>
				<packageName></packageName>
				<regex>^showlodes$</regex>
			</Alias>
		</AliasGroup>
	</AliasPackage>
	<ActionPackage />
	<ScriptPackage>
		<ScriptGroup isActive="yes" isFolder="yes">
			<name>Prospecting</name>
			<packageName></packageName>
			<script>-------------------------------------------------
--         Put your Lua functions here.        --
--                                             --
-- Note that you can also use external Scripts --
-------------------------------------------------

</script>
			<eventHandlerList />
			<Script isActive="yes" isFolder="no">
				<name>ProspectingArrived</name>
				<packageName></packageName>
				<script>-------------------------------------------------
--         Put your Lua functions here.        --
--                                             --
-- Note that you can also use external Scripts --
-------------------------------------------------

LodeList = {}
ProspectList = {}

function ProspectingArrived()

	if ProspectList[1] and prospecting == 1 then
		table.remove(ProspectList,1)
		if ProspectList[1] then 
			prospectingtimer = tempTimer(0.8, [[mmp.gotoRoom(ProspectList[1])]]) 
		else 
			echo("Area fully explored!")
			send("tug prospecting complete!")
			prospecting=0
		end
	send("prospect") 
	send("read sign")
	end


end</script>
				<eventHandlerList>
					<string>mmapper arrived</string>
				</eventHandlerList>
			</Script>
		</ScriptGroup>
	</ScriptPackage>
	<KeyPackage />
	<VariablePackage>
		<HiddenVariables />
	</VariablePackage>
</MudletPackage>
